name,parent
Colombia,null
Achicoria tostada y demás sucedáneos del café tostados y sus extractos- esencias y concentrados,Bogo
Achicoria tostada y demás sucedáneos del café tostados y sus extractos- esencias y concentrados,Toli
Café sin tostar- descafeinado,Antioquia
Café sin tostar- descafeinado,Bogotá
Café sin tostar- descafeinado,Caldas
Café sin tostar- descafeinado,Cauca
Café sin tostar- descafeinado,Huila
Café sin tostar- descafeinado,Quindío
Café sin tostar- descafeinado,Risaralda
Café sin tostar- descafeinado,Santander
Café sin tostar- descafeinado,Tolima
Café sin tostar- descafeinado,Valle del Cauca
Café sin tostar- sin descafeinar- para la siembra,Antioquia
Café sin tostar- sin descafeinar- para la siembra,Bogotá
Café sin tostar- sin descafeinar- para la siembra,Caldas
Café sin tostar- sin descafeinar- para la siembra,Cauca
Café sin tostar- sin descafeinar- para la siembra,Huila
Café sin tostar- sin descafeinar- para la siembra,Quindío
Café sin tostar- sin descafeinar- para la siembra,Risaralda
Café sin tostar- sin descafeinar- para la siembra,Tolima
Café sin tostar- sin descafeinar- para la siembra,Valle del Cauca
Café soluble liofilizado- con granulometría de 20 - 300 mm,Antioquia
Café soluble liofilizado- con granulometría de 20 - 300 mm,Bogotá
Café soluble liofilizado- con granulometría de 20 - 300 mm,Caldas
Café soluble liofilizado- con granulometría de 20 - 300 mm,Cauca
Café soluble liofilizado- con granulometría de 20 - 300 mm,Huila
Café soluble liofilizado- con granulometría de 20 - 300 mm,Quindío
Café soluble liofilizado- con granulometría de 20 - 300 mm,Tolima
Café soluble liofilizado- con granulometría de 20 - 300 mm,Valle del Cauca
Café tostado- descafeinado,Antioquia
Café tostado- descafeinado,Bogotá
Café tostado- descafeinado,Caldas
Café tostado- descafeinado,Quindío
Café tostado- descafeinado,Santander
Café tostado- descafeinado,Tolima
Café tostado- descafeinado,Valle del Cauca
Café tostado- sin descafeinar- en grano,Antioquia
Café tostado- sin descafeinar- en grano,Bogotá
Café tostado- sin descafeinar- en grano,Caldas
Café tostado- sin descafeinar- en grano,Cauca
Café tostado- sin descafeinar- en grano,Huila
Café tostado- sin descafeinar- en grano,Quindío
Café tostado- sin descafeinar- en grano,Risaralda
Café tostado- sin descafeinar- en grano,Santander
Café tostado- sin descafeinar- en grano,Tolima
Café tostado- sin descafeinar- en grano,Valle del Cauca
Café tostado- sin descafeinar- molido,Antioquia
Café tostado- sin descafeinar- molido,Bogotá
Café tostado- sin descafeinar- molido,Caldas
Café tostado- sin descafeinar- molido,Cauca
Café tostado- sin descafeinar- molido,Huila
Café tostado- sin descafeinar- molido,Quindío
Café tostado- sin descafeinar- molido,Risaralda
Café tostado- sin descafeinar- molido,Santander
Café tostado- sin descafeinar- molido,Tolima
Café tostado- sin descafeinar- molido,Valle del Cauca
Cáscara y cascarilla de café; sucedáneos del café que contengan café en cualquier proporción,Antioqu
Cáscara y cascarilla de café; sucedáneos del café que contengan café en cualquier proporción,Bogotá
Cáscara y cascarilla de café; sucedáneos del café que contengan café en cualquier proporción,Caldas
Cáscara y cascarilla de café; sucedáneos del café que contengan café en cualquier proporción,Cauca
Cáscara y cascarilla de café; sucedáneos del café que contengan café en cualquier proporción,Huila
Cáscara y cascarilla de café; sucedáneos del café que contengan café en cualquier proporción,Quindío
Cáscara y cascarilla de café; sucedáneos del café que contengan café en cualquier proporción,Risaral
Cáscara y cascarilla de café; sucedáneos del café que contengan café en cualquier proporción,Santand
Cáscara y cascarilla de café; sucedáneos del café que contengan café en cualquier proporción,Tolima
Cáscara y cascarilla de café; sucedáneos del café que contengan café en cualquier proporción,Valle d
Extractos- esencias y concentrados de café,Antioquia
Extractos- esencias y concentrados de café,Bogotá
Extractos- esencias y concentrados de café,Caldas
Extractos- esencias y concentrados de café,Risaralda
Extractos- esencias y concentrados de café,Tolima
Extractos- esencias y concentrados de café,Valle del Cauca
Los demás cafés sin tostar- sin descafeinar,Antioquia
Los demás cafés sin tostar- sin descafeinar,Bogotá
Los demás cafés sin tostar- sin descafeinar,Caldas
Los demás cafés sin tostar- sin descafeinar,Cauca
Los demás cafés sin tostar- sin descafeinar,Huila
Los demás cafés sin tostar- sin descafeinar,Quindío
Los demás cafés sin tostar- sin descafeinar,Risaralda
Los demás cafés sin tostar- sin descafeinar,Santander
Los demás cafés sin tostar- sin descafeinar,Tolima
Los demás cafés sin tostar- sin descafeinar,Valle del Cauca
Los demás extractos- esencias y concentrados de café,Antioquia
Los demás extractos- esencias y concentrados de café,Bogotá
Los demás extractos- esencias y concentrados de café,Caldas
Los demás extractos- esencias y concentrados de café,Cauca
Los demás extractos- esencias y concentrados de café,Huila
Los demás extractos- esencias y concentrados de café,Quindío
Los demás extractos- esencias y concentrados de café,Risaralda
Los demás extractos- esencias y concentrados de café,Santander
Los demás extractos- esencias y concentrados de café,Tolima
Los demás extractos- esencias y concentrados de café,Valle del Cauca
Preparaciones a base de extractos- esencias o concentrados o a base de café,Antioquia
Preparaciones a base de extractos- esencias o concentrados o a base de café,Bogotá
Preparaciones a base de extractos- esencias o concentrados o a base de café,Caldas
Preparaciones a base de extractos- esencias o concentrados o a base de café,Cauca
Preparaciones a base de extractos- esencias o concentrados o a base de café,Quindío
Preparaciones a base de extractos- esencias o concentrados o a base de café,Risaralda
Preparaciones a base de extractos- esencias o concentrados o a base de café,Santander
Preparaciones a base de extractos- esencias o concentrados o a base de café,Tolima
Preparaciones a base de extractos- esencias o concentrados o a base de café,Valle del Cauca
lbania, Los demás cafés sin tostar- sin descafeinar
lemania, Café sin tostar- descafeinado
lemania, Café sin tostar- sin descafeinar- para la siembra
lemania, Café soluble liofilizado- con granulometría de 20 - 300 mm
lemania, Café tostado- descafeinado
lemania, Café tostado- sin descafeinar- en grano
lemania, Café tostado- sin descafeinar- molido
lemania, Cáscara y cascarilla de café; sucedáneos del café que contengan café en cualquier proporció
lemania, Extractos- esencias y concentrados de café
lemania, Los demás cafés sin tostar- sin descafeinar
lemania, Los demás extractos- esencias y concentrados de café
lemania, Preparaciones a base de extractos- esencias o concentrados o a base de café
ntigua y Barbuda, Café tostado- sin descafeinar- molido
ntigua y Barbuda, Extractos- esencias y concentrados de café
ntigua y Barbuda, Los demás extractos- esencias y concentrados de café
ntigua y Barbuda, Preparaciones a base de extractos- esencias o concentrados o a base de café
ntillas Holandesas, Café sin tostar- descafeinado
ntillas Holandesas, Café soluble liofilizado- con granulometría de 20 - 300 mm
ntillas Holandesas, Café tostado- descafeinado
ntillas Holandesas, Café tostado- sin descafeinar- en grano
ntillas Holandesas, Café tostado- sin descafeinar- molido
ntillas Holandesas, Cáscara y cascarilla de café; sucedáneos del café que contengan café en cualquie
ntillas Holandesas, Extractos- esencias y concentrados de café
ntillas Holandesas, Los demás cafés sin tostar- sin descafeinar
ntillas Holandesas, Los demás extractos- esencias y concentrados de café
ntillas Holandesas, Preparaciones a base de extractos- esencias o concentrados o a base de café
ntioquia,Colombia
rabia Saudita, Café soluble liofilizado- con granulometría de 20 - 300 mm
rabia Saudita, Café tostado- sin descafeinar- en grano
rabia Saudita, Cáscara y cascarilla de café; sucedáneos del café que contengan café en cualquier pro
rabia Saudita, Los demás cafés sin tostar- sin descafeinar
rgelia, Los demás cafés sin tostar- sin descafeinar
rgentina, Café sin tostar- descafeinado
rgentina, Café soluble liofilizado- con granulometría de 20 - 300 mm
rgentina, Café tostado- descafeinado
rgentina, Café tostado- sin descafeinar- en grano
rgentina, Café tostado- sin descafeinar- molido
rgentina, Extractos- esencias y concentrados de café
rgentina, Los demás cafés sin tostar- sin descafeinar
rgentina, Los demás extractos- esencias y concentrados de café
rgentina, Preparaciones a base de extractos- esencias o concentrados o a base de café
rmenia, Los demás cafés sin tostar- sin descafeinar
ruba, Café sin tostar- descafeinado
ruba, Café soluble liofilizado- con granulometría de 20 - 300 mm
ruba, Café tostado- descafeinado
ruba, Café tostado- sin descafeinar- en grano
ruba, Café tostado- sin descafeinar- molido
ruba, Extractos- esencias y concentrados de café
ruba, Los demás cafés sin tostar- sin descafeinar
ruba, Los demás extractos- esencias y concentrados de café
ruba, Preparaciones a base de extractos- esencias o concentrados o a base de café
ustralia, Café sin tostar- descafeinado
ustralia, Café sin tostar- sin descafeinar- para la siembra
ustralia, Café soluble liofilizado- con granulometría de 20 - 300 mm
ustralia, Café tostado- descafeinado
ustralia, Café tostado- sin descafeinar- en grano
ustralia, Café tostado- sin descafeinar- molido
ustralia, Cáscara y cascarilla de café; sucedáneos del café que contengan café en cualquier proporci
ustralia, Extractos- esencias y concentrados de café
ustralia, Los demás cafés sin tostar- sin descafeinar
ustralia, Los demás extractos- esencias y concentrados de café
ustralia, Preparaciones a base de extractos- esencias o concentrados o a base de café
ustria, Café tostado- sin descafeinar- en grano
ustria, Café tostado- sin descafeinar- molido
ustria, Los demás cafés sin tostar- sin descafeinar
ahrein, Café tostado- sin descafeinar- en grano
ahrein, Café tostado- sin descafeinar- molido
ahrein, Los demás cafés sin tostar- sin descafeinar
arbados, Café soluble liofilizado- con granulometría de 20 - 300 mm
arbados, Café tostado- sin descafeinar- molido
arbados, Extractos- esencias y concentrados de café
arbados, Los demás extractos- esencias y concentrados de café
arbados, Preparaciones a base de extractos- esencias o concentrados o a base de café
élgica, Café sin tostar- descafeinado
élgica, Café sin tostar- sin descafeinar- para la siembra
élgica, Café soluble liofilizado- con granulometría de 20 - 300 mm
élgica, Extractos- esencias y concentrados de café
élgica, Los demás cafés sin tostar- sin descafeinar
élgica, Los demás extractos- esencias y concentrados de café
elice, Café soluble liofilizado- con granulometría de 20 - 300 mm
elice, Extractos- esencias y concentrados de café
elice, Los demás extractos- esencias y concentrados de café
elice, Preparaciones a base de extractos- esencias o concentrados o a base de café
ermudas, Café tostado- sin descafeinar- molido
ogotá,Colombia
olivia, Café sin tostar- descafeinado
olivia, Café soluble liofilizado- con granulometría de 20 - 300 mm
olivia, Café tostado- descafeinado
olivia, Café tostado- sin descafeinar- en grano
olivia, Café tostado- sin descafeinar- molido
olivia, Extractos- esencias y concentrados de café
olivia, Los demás extractos- esencias y concentrados de café
olivia, Preparaciones a base de extractos- esencias o concentrados o a base de café
onaire- San Eustatios y Saba, Los demás cafés sin tostar- sin descafeinar
rasil, Café soluble liofilizado- con granulometría de 20 - 300 mm
rasil, Café tostado- sin descafeinar- en grano
rasil, Café tostado- sin descafeinar- molido
rasil, Los demás cafés sin tostar- sin descafeinar
rasil, Los demás extractos- esencias y concentrados de café
rasil, Preparaciones a base de extractos- esencias o concentrados o a base de café
ulgaria, Café tostado- sin descafeinar- en grano
ulgaria, Café tostado- sin descafeinar- molido
ulgaria, Los demás cafés sin tostar- sin descafeinar
aimán- Islas, Los demás extractos- esencias y concentrados de café
aldas,Colombia
anadá, Café sin tostar- descafeinado
anadá, Café sin tostar- sin descafeinar- para la siembra
anadá, Café soluble liofilizado- con granulometría de 20 - 300 mm
anadá, Café tostado- descafeinado
anadá, Café tostado- sin descafeinar- en grano
anadá, Café tostado- sin descafeinar- molido
anadá, Cáscara y cascarilla de café; sucedáneos del café que contengan café en cualquier proporción
anadá, Extractos- esencias y concentrados de café
anadá, Los demás cafés sin tostar- sin descafeinar
anadá, Los demás extractos- esencias y concentrados de café
anadá, Preparaciones a base de extractos- esencias o concentrados o a base de café
auca,Colombia
hile, Café sin tostar- descafeinado
hile, Café sin tostar- sin descafeinar- para la siembra
hile, Café soluble liofilizado- con granulometría de 20 - 300 mm
hile, Café tostado- descafeinado
hile, Café tostado- sin descafeinar- en grano
hile, Café tostado- sin descafeinar- molido
hile, Cáscara y cascarilla de café; sucedáneos del café que contengan café en cualquier proporción
hile, Extractos- esencias y concentrados de café
hile, Los demás cafés sin tostar- sin descafeinar
hile, Los demás extractos- esencias y concentrados de café
hile, Preparaciones a base de extractos- esencias o concentrados o a base de café
hina, Café sin tostar- descafeinado
hina, Café soluble liofilizado- con granulometría de 20 - 300 mm
hina, Café tostado- descafeinado
hina, Café tostado- sin descafeinar- en grano
hina, Café tostado- sin descafeinar- molido
hina, Cáscara y cascarilla de café; sucedáneos del café que contengan café en cualquier proporción
hina, Extractos- esencias y concentrados de café
hina, Los demás cafés sin tostar- sin descafeinar
hina, Los demás extractos- esencias y concentrados de café
hina, Preparaciones a base de extractos- esencias o concentrados o a base de café
hipre, Los demás cafés sin tostar- sin descafeinar
olombia, Café soluble liofilizado- con granulometría de 20 - 300 mm
olombia, Café tostado- descafeinado
olombia, Café tostado- sin descafeinar- en grano
olombia, Café tostado- sin descafeinar- molido
olombia, Los demás cafés sin tostar- sin descafeinar
orea- República Democrática, Extractos- esencias y concentrados de café
orea, Café sin tostar- descafeinado
orea, Café sin tostar- sin descafeinar- para la siembra
orea, Café soluble liofilizado- con granulometría de 20 - 300 mm
orea, Café tostado- descafeinado
orea, Café tostado- sin descafeinar- en grano
orea, Café tostado- sin descafeinar- molido
orea, Cáscara y cascarilla de café; sucedáneos del café que contengan café en cualquier proporción
orea, Extractos- esencias y concentrados de café
orea, Los demás cafés sin tostar- sin descafeinar
orea, Los demás extractos- esencias y concentrados de café
osta de Marfil, Extractos- esencias y concentrados de café
osta Rica, Café soluble liofilizado- con granulometría de 20 - 300 mm
osta Rica, Café tostado- descafeinado
osta Rica, Café tostado- sin descafeinar- en grano
osta Rica, Café tostado- sin descafeinar- molido
osta Rica, Extractos- esencias y concentrados de café
osta Rica, Los demás extractos- esencias y concentrados de café
osta Rica, Preparaciones a base de extractos- esencias o concentrados o a base de café
roacia, Los demás cafés sin tostar- sin descafeinar
uba, Café soluble liofilizado- con granulometría de 20 - 300 mm
uba, Café tostado- descafeinado
uba, Café tostado- sin descafeinar- en grano
uba, Café tostado- sin descafeinar- molido
uba, Extractos- esencias y concentrados de café
uba, Los demás extractos- esencias y concentrados de café
uba, Preparaciones a base de extractos- esencias o concentrados o a base de café
urazao, Café soluble liofilizado- con granulometría de 20 - 300 mm
urazao, Café tostado- descafeinado
urazao, Café tostado- sin descafeinar- en grano
urazao, Café tostado- sin descafeinar- molido
urazao, Cáscara y cascarilla de café; sucedáneos del café que contengan café en cualquier proporción
urazao, Los demás cafés sin tostar- sin descafeinar
urazao, Los demás extractos- esencias y concentrados de café
urazao, Preparaciones a base de extractos- esencias o concentrados o a base de café
inamarca, Café soluble liofilizado- con granulometría de 20 - 300 mm
inamarca, Café tostado- sin descafeinar- en grano
inamarca, Cáscara y cascarilla de café; sucedáneos del café que contengan café en cualquier proporci
inamarca, Extractos- esencias y concentrados de café
inamarca, Los demás cafés sin tostar- sin descafeinar
inamarca, Los demás extractos- esencias y concentrados de café
inamarca, Preparaciones a base de extractos- esencias o concentrados o a base de café
ominica, Café tostado- sin descafeinar- en grano
ominica, Café tostado- sin descafeinar- molido
ominica, Extractos- esencias y concentrados de café
ominica, Los demás extractos- esencias y concentrados de café
ominica, Preparaciones a base de extractos- esencias o concentrados o a base de café
cuador, Café sin tostar- descafeinado
cuador, Café soluble liofilizado- con granulometría de 20 - 300 mm
cuador, Café tostado- descafeinado
cuador, Café tostado- sin descafeinar- en grano
cuador, Café tostado- sin descafeinar- molido
cuador, Cáscara y cascarilla de café; sucedáneos del café que contengan café en cualquier proporción
cuador, Extractos- esencias y concentrados de café
cuador, Los demás cafés sin tostar- sin descafeinar
cuador, Los demás extractos- esencias y concentrados de café
cuador, Preparaciones a base de extractos- esencias o concentrados o a base de café
gipto, Los demás cafés sin tostar- sin descafeinar
gipto, Los demás extractos- esencias y concentrados de café
l Salvador, Café soluble liofilizado- con granulometría de 20 - 300 mm
l Salvador, Café tostado- descafeinado
l Salvador, Café tostado- sin descafeinar- en grano
l Salvador, Café tostado- sin descafeinar- molido
l Salvador, Los demás extractos- esencias y concentrados de café
l Salvador, Preparaciones a base de extractos- esencias o concentrados o a base de café
miratos Árabes Unidos, Café sin tostar- descafeinado
miratos Árabes Unidos, Café tostado- sin descafeinar- en grano
miratos Árabes Unidos, Café tostado- sin descafeinar- molido
miratos Árabes Unidos, Cáscara y cascarilla de café; sucedáneos del café que contengan café en cualq
miratos Árabes Unidos, Los demás cafés sin tostar- sin descafeinar
miratos Árabes Unidos, Los demás extractos- esencias y concentrados de café
miratos Árabes Unidos, Preparaciones a base de extractos- esencias o concentrados o a base de café
slovaquia, Café soluble liofilizado- con granulometría de 20 - 300 mm
slovaquia, Los demás extractos- esencias y concentrados de café
slovenia, Los demás cafés sin tostar- sin descafeinar
spaña, Achicoria tostada y demás sucedáneos del café tostados y sus extractos- esencias y concentrad
spaña, Café sin tostar- descafeinado
spaña, Café sin tostar- sin descafeinar- para la siembra
spaña, Café soluble liofilizado- con granulometría de 20 - 300 mm
spaña, Café tostado- descafeinado
spaña, Café tostado- sin descafeinar- en grano
spaña, Café tostado- sin descafeinar- molido
spaña, Cáscara y cascarilla de café; sucedáneos del café que contengan café en cualquier proporción
spaña, Extractos- esencias y concentrados de café
spaña, Los demás cafés sin tostar- sin descafeinar
spaña, Los demás extractos- esencias y concentrados de café
spaña, Preparaciones a base de extractos- esencias o concentrados o a base de café
stados Unidos, Achicoria tostada y demás sucedáneos del café tostados y sus extractos- esencias y co
stados Unidos, Café sin tostar- descafeinado
stados Unidos, Café sin tostar- sin descafeinar- para la siembra
stados Unidos, Café soluble liofilizado- con granulometría de 20 - 300 mm
stados Unidos, Café tostado- descafeinado
stados Unidos, Café tostado- sin descafeinar- en grano
stados Unidos, Café tostado- sin descafeinar- molido
stados Unidos, Cáscara y cascarilla de café; sucedáneos del café que contengan café en cualquier pro
stados Unidos, Extractos- esencias y concentrados de café
stados Unidos, Los demás cafés sin tostar- sin descafeinar
stados Unidos, Los demás extractos- esencias y concentrados de café
stados Unidos, Preparaciones a base de extractos- esencias o concentrados o a base de café
stonia, Café soluble liofilizado- con granulometría de 20 - 300 mm
stonia, Extractos- esencias y concentrados de café
stonia, Los demás cafés sin tostar- sin descafeinar
eroe- Islas, Los demás cafés sin tostar- sin descafeinar
iji, Los demás cafés sin tostar- sin descafeinar
ilipinas, Café tostado- sin descafeinar- molido
ilipinas, Los demás cafés sin tostar- sin descafeinar
ilipinas, Los demás extractos- esencias y concentrados de café
inlandia, Café sin tostar- descafeinado
inlandia, Café sin tostar- sin descafeinar- para la siembra
inlandia, Café soluble liofilizado- con granulometría de 20 - 300 mm
inlandia, Café tostado- sin descafeinar- molido
inlandia, Extractos- esencias y concentrados de café
inlandia, Los demás cafés sin tostar- sin descafeinar
inlandia, Preparaciones a base de extractos- esencias o concentrados o a base de café
rancia, Café sin tostar- descafeinado
rancia, Café sin tostar- sin descafeinar- para la siembra
rancia, Café soluble liofilizado- con granulometría de 20 - 300 mm
rancia, Café tostado- descafeinado
rancia, Café tostado- sin descafeinar- en grano
rancia, Café tostado- sin descafeinar- molido
rancia, Cáscara y cascarilla de café; sucedáneos del café que contengan café en cualquier proporción
rancia, Extractos- esencias y concentrados de café
rancia, Los demás cafés sin tostar- sin descafeinar
rancia, Los demás extractos- esencias y concentrados de café
eorgia, Los demás cafés sin tostar- sin descafeinar
ibraltar, Los demás cafés sin tostar- sin descafeinar
ranada, Café soluble liofilizado- con granulometría de 20 - 300 mm
ranada, Café tostado- sin descafeinar- en grano
ranada, Extractos- esencias y concentrados de café
ranada, Los demás extractos- esencias y concentrados de café
ranada, Preparaciones a base de extractos- esencias o concentrados o a base de café
recia, Café sin tostar- descafeinado
recia, Café sin tostar- sin descafeinar- para la siembra
recia, Los demás cafés sin tostar- sin descafeinar
uatemala, Café sin tostar- descafeinado
uatemala, Café soluble liofilizado- con granulometría de 20 - 300 mm
uatemala, Café tostado- sin descafeinar- molido
uatemala, Los demás extractos- esencias y concentrados de café
uatemala, Preparaciones a base de extractos- esencias o concentrados o a base de café
uyana, Extractos- esencias y concentrados de café
uyana, Los demás extractos- esencias y concentrados de café
uyana, Preparaciones a base de extractos- esencias o concentrados o a base de café
aití, Los demás extractos- esencias y concentrados de café
aití, Preparaciones a base de extractos- esencias o concentrados o a base de café
onduras, Café soluble liofilizado- con granulometría de 20 - 300 mm
onduras, Café tostado- sin descafeinar- molido
onduras, Los demás extractos- esencias y concentrados de café
onduras, Preparaciones a base de extractos- esencias o concentrados o a base de café
ong Kong, Café sin tostar- sin descafeinar- para la siembra
ong Kong, Café soluble liofilizado- con granulometría de 20 - 300 mm
ong Kong, Café tostado- sin descafeinar- en grano
ong Kong, Café tostado- sin descafeinar- molido
ong Kong, Cáscara y cascarilla de café; sucedáneos del café que contengan café en cualquier proporci
ong Kong, Extractos- esencias y concentrados de café
ong Kong, Los demás cafés sin tostar- sin descafeinar
ong Kong, Los demás extractos- esencias y concentrados de café
uila,Colombia
ungría, Los demás cafés sin tostar- sin descafeinar
ndia, Café soluble liofilizado- con granulometría de 20 - 300 mm
ndia, Los demás cafés sin tostar- sin descafeinar
ndia, Los demás extractos- esencias y concentrados de café
ndia, Preparaciones a base de extractos- esencias o concentrados o a base de café
ndonesia, Café soluble liofilizado- con granulometría de 20 - 300 mm
ndonesia, Los demás cafés sin tostar- sin descafeinar
ndonesia, Los demás extractos- esencias y concentrados de café
rak, Café tostado- descafeinado
rak, Café tostado- sin descafeinar- en grano
rak, Café tostado- sin descafeinar- molido
rán- República Islámica de, Los demás cafés sin tostar- sin descafeinar
rlanda, Café sin tostar- sin descafeinar- para la siembra
rlanda, Extractos- esencias y concentrados de café
rlanda, Los demás cafés sin tostar- sin descafeinar
slandia, Café sin tostar- descafeinado
slandia, Café tostado- sin descafeinar- en grano
slandia, Los demás cafés sin tostar- sin descafeinar
srael, Café soluble liofilizado- con granulometría de 20 - 300 mm
srael, Cáscara y cascarilla de café; sucedáneos del café que contengan café en cualquier proporción
srael, Extractos- esencias y concentrados de café
srael, Los demás cafés sin tostar- sin descafeinar
talia, Café sin tostar- descafeinado
talia, Café sin tostar- sin descafeinar- para la siembra
talia, Café soluble liofilizado- con granulometría de 20 - 300 mm
talia, Café tostado- descafeinado
talia, Café tostado- sin descafeinar- en grano
talia, Café tostado- sin descafeinar- molido
talia, Extractos- esencias y concentrados de café
talia, Los demás cafés sin tostar- sin descafeinar
talia, Los demás extractos- esencias y concentrados de café
talia, Preparaciones a base de extractos- esencias o concentrados o a base de café
amaica, Café sin tostar- descafeinado
amaica, Los demás cafés sin tostar- sin descafeinar
apón, Achicoria tostada y demás sucedáneos del café tostados y sus extractos- esencias y concentrado
apón, Café sin tostar- descafeinado
apón, Café sin tostar- sin descafeinar- para la siembra
apón, Café soluble liofilizado- con granulometría de 20 - 300 mm
apón, Café tostado- descafeinado
apón, Café tostado- sin descafeinar- en grano
apón, Café tostado- sin descafeinar- molido
apón, Extractos- esencias y concentrados de café
apón, Los demás cafés sin tostar- sin descafeinar
apón, Los demás extractos- esencias y concentrados de café
apón, Preparaciones a base de extractos- esencias o concentrados o a base de café
ordania, Café sin tostar- descafeinado
ordania, Los demás cafés sin tostar- sin descafeinar
uwait, Café soluble liofilizado- con granulometría de 20 - 300 mm
uwait, Café tostado- descafeinado
uwait, Café tostado- sin descafeinar- en grano
uwait, Café tostado- sin descafeinar- molido
uwait, Extractos- esencias y concentrados de café
uwait, Los demás cafés sin tostar- sin descafeinar
uwait, Preparaciones a base de extractos- esencias o concentrados o a base de café
etonia, Café soluble liofilizado- con granulometría de 20 - 300 mm
etonia, Extractos- esencias y concentrados de café
etonia, Los demás cafés sin tostar- sin descafeinar
íbano, Café tostado- sin descafeinar- en grano
íbano, Café tostado- sin descafeinar- molido
íbano, Los demás cafés sin tostar- sin descafeinar
iberia, Los demás cafés sin tostar- sin descafeinar
ibia, Los demás cafés sin tostar- sin descafeinar
ituania, Café soluble liofilizado- con granulometría de 20 - 300 mm
ituania, Los demás cafés sin tostar- sin descafeinar
acao, Café soluble liofilizado- con granulometría de 20 - 300 mm
acao, Cáscara y cascarilla de café; sucedáneos del café que contengan café en cualquier proporción
acao, Los demás cafés sin tostar- sin descafeinar
alasia, Café sin tostar- sin descafeinar- para la siembra
alasia, Café soluble liofilizado- con granulometría de 20 - 300 mm
alasia, Café tostado- descafeinado
alasia, Café tostado- sin descafeinar- en grano
alasia, Café tostado- sin descafeinar- molido
alasia, Extractos- esencias y concentrados de café
alasia, Los demás cafés sin tostar- sin descafeinar
alasia, Los demás extractos- esencias y concentrados de café
alasia, Preparaciones a base de extractos- esencias o concentrados o a base de café
alta, Café soluble liofilizado- con granulometría de 20 - 300 mm
alta, Los demás extractos- esencias y concentrados de café
alta, Preparaciones a base de extractos- esencias o concentrados o a base de café
arruecos, Café sin tostar- descafeinado
arruecos, Los demás cafés sin tostar- sin descafeinar
artinica, Café tostado- sin descafeinar- molido
éxico, Café sin tostar- descafeinado
éxico, Café soluble liofilizado- con granulometría de 20 - 300 mm
éxico, Café tostado- descafeinado
éxico, Café tostado- sin descafeinar- en grano
éxico, Café tostado- sin descafeinar- molido
éxico, Extractos- esencias y concentrados de café
éxico, Los demás cafés sin tostar- sin descafeinar
éxico, Los demás extractos- esencias y concentrados de café
éxico, Preparaciones a base de extractos- esencias o concentrados o a base de café
ongolia, Café tostado- sin descafeinar- en grano
ongolia, Café tostado- sin descafeinar- molido
ongolia, Cáscara y cascarilla de café; sucedáneos del café que contengan café en cualquier proporció
ongolia, Extractos- esencias y concentrados de café
ontserrat, Los demás cafés sin tostar- sin descafeinar
icaragua, Café soluble liofilizado- con granulometría de 20 - 300 mm
icaragua, Café tostado- sin descafeinar- molido
icaragua, Los demás extractos- esencias y concentrados de café
icaragua, Preparaciones a base de extractos- esencias o concentrados o a base de café
igeria, Café tostado- sin descafeinar- molido
igeria, Los demás extractos- esencias y concentrados de café
igeria, Preparaciones a base de extractos- esencias o concentrados o a base de café
orfolk- Islas, Los demás cafés sin tostar- sin descafeinar
oruega, Café sin tostar- descafeinado
oruega, Café sin tostar- sin descafeinar- para la siembra
oruega, Café soluble liofilizado- con granulometría de 20 - 300 mm
oruega, Café tostado- descafeinado
oruega, Café tostado- sin descafeinar- en grano
oruega, Café tostado- sin descafeinar- molido
oruega, Extractos- esencias y concentrados de café
oruega, Los demás cafés sin tostar- sin descafeinar
ueva Zelandia, Café sin tostar- descafeinado
ueva Zelandia, Café sin tostar- sin descafeinar- para la siembra
ueva Zelandia, Café soluble liofilizado- con granulometría de 20 - 300 mm
ueva Zelandia, Café tostado- sin descafeinar- molido
ueva Zelandia, Los demás cafés sin tostar- sin descafeinar
ueva Zelandia, Los demás extractos- esencias y concentrados de café
man, Los demás cafés sin tostar- sin descafeinar
aíses Bajos, Café soluble liofilizado- con granulometría de 20 - 300 mm
aíses Bajos, Café tostado- sin descafeinar- en grano
aíses Bajos, Café tostado- sin descafeinar- molido
aíses Bajos, Cáscara y cascarilla de café; sucedáneos del café que contengan café en cualquier propo
aíses Bajos, Extractos- esencias y concentrados de café
aíses Bajos, Los demás cafés sin tostar- sin descafeinar
aíses Bajos, Los demás extractos- esencias y concentrados de café
aíses Bajos, Preparaciones a base de extractos- esencias o concentrados o a base de café
aíses no precisados en otra parte y desconocidos, Café tostado- sin descafeinar- en grano
anamá, Café sin tostar- descafeinado
anamá, Café soluble liofilizado- con granulometría de 20 - 300 mm
anamá, Café tostado- descafeinado
anamá, Café tostado- sin descafeinar- en grano
anamá, Café tostado- sin descafeinar- molido
anamá, Cáscara y cascarilla de café; sucedáneos del café que contengan café en cualquier proporción
anamá, Extractos- esencias y concentrados de café
anamá, Los demás extractos- esencias y concentrados de café
anamá, Preparaciones a base de extractos- esencias o concentrados o a base de café
araguay, Café soluble liofilizado- con granulometría de 20 - 300 mm
araguay, Café tostado- descafeinado
araguay, Café tostado- sin descafeinar- en grano
araguay, Café tostado- sin descafeinar- molido
araguay, Los demás extractos- esencias y concentrados de café
araguay, Preparaciones a base de extractos- esencias o concentrados o a base de café
erú, Café sin tostar- descafeinado
erú, Café soluble liofilizado- con granulometría de 20 - 300 mm
erú, Café tostado- descafeinado
erú, Café tostado- sin descafeinar- en grano
erú, Café tostado- sin descafeinar- molido
erú, Cáscara y cascarilla de café; sucedáneos del café que contengan café en cualquier proporción
erú, Extractos- esencias y concentrados de café
erú, Los demás cafés sin tostar- sin descafeinar
erú, Los demás extractos- esencias y concentrados de café
erú, Preparaciones a base de extractos- esencias o concentrados o a base de café
olinesia Francesa, Los demás cafés sin tostar- sin descafeinar
olonia, Café soluble liofilizado- con granulometría de 20 - 300 mm
olonia, Café tostado- descafeinado
olonia, Café tostado- sin descafeinar- en grano
olonia, Café tostado- sin descafeinar- molido
olonia, Extractos- esencias y concentrados de café
olonia, Los demás cafés sin tostar- sin descafeinar
olonia, Los demás extractos- esencias y concentrados de café
ortugal, Café sin tostar- descafeinado
ortugal, Café tostado- sin descafeinar- en grano
ortugal, Café tostado- sin descafeinar- molido
ortugal, Los demás cafés sin tostar- sin descafeinar
ortugal, Los demás extractos- esencias y concentrados de café
uerto Rico, Café tostado- sin descafeinar- molido
uerto Rico, Extractos- esencias y concentrados de café
uerto Rico, Los demás extractos- esencias y concentrados de café
uerto Rico, Preparaciones a base de extractos- esencias o concentrados o a base de café
atar, Los demás cafés sin tostar- sin descafeinar
uindío,Colombia
eino Unido, Café sin tostar- descafeinado
eino Unido, Café sin tostar- sin descafeinar- para la siembra
eino Unido, Café soluble liofilizado- con granulometría de 20 - 300 mm
eino Unido, Café tostado- descafeinado
eino Unido, Café tostado- sin descafeinar- en grano
eino Unido, Café tostado- sin descafeinar- molido
eino Unido, Extractos- esencias y concentrados de café
eino Unido, Los demás cafés sin tostar- sin descafeinar
eino Unido, Los demás extractos- esencias y concentrados de café
eino Unido, Preparaciones a base de extractos- esencias o concentrados o a base de café
epública Checa, Café sin tostar- sin descafeinar- para la siembra
epública Checa, Café tostado- descafeinado
epública Checa, Café tostado- sin descafeinar- en grano
epública Checa, Café tostado- sin descafeinar- molido
epública Checa, Cáscara y cascarilla de café; sucedáneos del café que contengan café en cualquier pr
epública Checa, Los demás cafés sin tostar- sin descafeinar
epública Dominicana, Café soluble liofilizado- con granulometría de 20 - 300 mm
epública Dominicana, Café tostado- sin descafeinar- en grano
epública Dominicana, Café tostado- sin descafeinar- molido
epública Dominicana, Extractos- esencias y concentrados de café
epública Dominicana, Los demás cafés sin tostar- sin descafeinar
epública Dominicana, Los demás extractos- esencias y concentrados de café
epública Dominicana, Preparaciones a base de extractos- esencias o concentrados o a base de café
eunión, Los demás cafés sin tostar- sin descafeinar
isaralda,Colombia
umania, Café tostado- sin descafeinar- en grano
umania, Café tostado- sin descafeinar- molido
umania, Los demás cafés sin tostar- sin descafeinar
umania, Preparaciones a base de extractos- esencias o concentrados o a base de café
usia- Federación de, Café sin tostar- descafeinado
usia- Federación de, Café soluble liofilizado- con granulometría de 20 - 300 mm
usia- Federación de, Café tostado- descafeinado
usia- Federación de, Café tostado- sin descafeinar- en grano
usia- Federación de, Café tostado- sin descafeinar- molido
usia- Federación de, Cáscara y cascarilla de café; sucedáneos del café que contengan café en cualqui
usia- Federación de, Extractos- esencias y concentrados de café
usia- Federación de, Los demás cafés sin tostar- sin descafeinar
usia- Federación de, Los demás extractos- esencias y concentrados de café
an Cristóbal y Nieves, Café tostado- sin descafeinar- en grano
an Cristóbal y Nieves, Los demás extractos- esencias y concentrados de café
an Cristóbal y Nieves, Preparaciones a base de extractos- esencias o concentrados o a base de café
an Vicente y las Granadinas, Café tostado- sin descafeinar- molido
an Vicente y las Granadinas, Extractos- esencias y concentrados de café
an Vicente y las Granadinas, Los demás extractos- esencias y concentrados de café
an Vicente y las Granadinas, Preparaciones a base de extractos- esencias o concentrados o a base de 
anta Lucia, Café soluble liofilizado- con granulometría de 20 - 300 mm
anta Lucia, Café tostado- sin descafeinar- en grano
anta Lucia, Café tostado- sin descafeinar- molido
anta Lucia, Extractos- esencias y concentrados de café
anta Lucia, Los demás extractos- esencias y concentrados de café
anta Lucia, Preparaciones a base de extractos- esencias o concentrados o a base de café
antander,Colombia
erbia, Los demás cafés sin tostar- sin descafeinar
ingapur, Café soluble liofilizado- con granulometría de 20 - 300 mm
ingapur, Café tostado- sin descafeinar- en grano
ingapur, Café tostado- sin descafeinar- molido
ingapur, Extractos- esencias y concentrados de café
ingapur, Los demás cafés sin tostar- sin descafeinar
ingapur, Los demás extractos- esencias y concentrados de café
iria- República Árabe, Café sin tostar- descafeinado
iria- República Árabe, Los demás cafés sin tostar- sin descafeinar
udáfrica, Café sin tostar- descafeinado
udáfrica, Café tostado- sin descafeinar- molido
udáfrica, Cáscara y cascarilla de café; sucedáneos del café que contengan café en cualquier proporci
udáfrica, Extractos- esencias y concentrados de café
udáfrica, Los demás cafés sin tostar- sin descafeinar
udáfrica, Los demás extractos- esencias y concentrados de café
udáfrica, Preparaciones a base de extractos- esencias o concentrados o a base de café
uecia, Café sin tostar- sin descafeinar- para la siembra
uecia, Café soluble liofilizado- con granulometría de 20 - 300 mm
uecia, Café tostado- descafeinado
uecia, Café tostado- sin descafeinar- en grano
uecia, Café tostado- sin descafeinar- molido
uecia, Extractos- esencias y concentrados de café
uecia, Los demás cafés sin tostar- sin descafeinar
uecia, Los demás extractos- esencias y concentrados de café
uecia, Preparaciones a base de extractos- esencias o concentrados o a base de café
uiza, Café soluble liofilizado- con granulometría de 20 - 300 mm
uiza, Café tostado- descafeinado
uiza, Café tostado- sin descafeinar- en grano
uiza, Café tostado- sin descafeinar- molido
uiza, Cáscara y cascarilla de café; sucedáneos del café que contengan café en cualquier proporción
uiza, Extractos- esencias y concentrados de café
uiza, Los demás cafés sin tostar- sin descafeinar
uiza, Los demás extractos- esencias y concentrados de café
uiza, Preparaciones a base de extractos- esencias o concentrados o a base de café
urinam, Café soluble liofilizado- con granulometría de 20 - 300 mm
urinam, Café tostado- sin descafeinar- molido
urinam, Extractos- esencias y concentrados de café
urinam, Los demás extractos- esencias y concentrados de café
urinam, Preparaciones a base de extractos- esencias o concentrados o a base de café
ailandia, Café soluble liofilizado- con granulometría de 20 - 300 mm
ailandia, Los demás cafés sin tostar- sin descafeinar
ailandia, Los demás extractos- esencias y concentrados de café
aiwán- Provincia de China, Café sin tostar- sin descafeinar- para la siembra
aiwán- Provincia de China, Café soluble liofilizado- con granulometría de 20 - 300 mm
aiwán- Provincia de China, Café tostado- sin descafeinar- en grano
aiwán- Provincia de China, Café tostado- sin descafeinar- molido
aiwán- Provincia de China, Extractos- esencias y concentrados de café
aiwán- Provincia de China, Los demás cafés sin tostar- sin descafeinar
aiwán- Provincia de China, Los demás extractos- esencias y concentrados de café
aiwán- Provincia de China, Preparaciones a base de extractos- esencias o concentrados o a base de ca
erritorio Británico del Océano indico, Los demás extractos- esencias y concentrados de café
olima,Colombia
rinidad y Tobago, Café soluble liofilizado- con granulometría de 20 - 300 mm
rinidad y Tobago, Café tostado- sin descafeinar- en grano
rinidad y Tobago, Café tostado- sin descafeinar- molido
rinidad y Tobago, Cáscara y cascarilla de café; sucedáneos del café que contengan café en cualquier 
rinidad y Tobago, Extractos- esencias y concentrados de café
rinidad y Tobago, Los demás extractos- esencias y concentrados de café
rinidad y Tobago, Preparaciones a base de extractos- esencias o concentrados o a base de café
únez, Los demás cafés sin tostar- sin descafeinar
urquía, Café tostado- sin descafeinar- en grano
urquía, Café tostado- sin descafeinar- molido
urquía, Cáscara y cascarilla de café; sucedáneos del café que contengan café en cualquier proporción
urquía, Extractos- esencias y concentrados de café
urquía, Los demás cafés sin tostar- sin descafeinar
urquía, Los demás extractos- esencias y concentrados de café
crania, Café soluble liofilizado- con granulometría de 20 - 300 mm
crania, Café tostado- sin descafeinar- en grano
crania, Extractos- esencias y concentrados de café
crania, Los demás cafés sin tostar- sin descafeinar
ruguay, Café soluble liofilizado- con granulometría de 20 - 300 mm
ruguay, Café tostado- descafeinado
ruguay, Café tostado- sin descafeinar- en grano
ruguay, Café tostado- sin descafeinar- molido
ruguay, Los demás cafés sin tostar- sin descafeinar
ruguay, Los demás extractos- esencias y concentrados de café
ruguay, Preparaciones a base de extractos- esencias o concentrados o a base de café
alle del Cauca,Colombia
enezuela, Café tostado- descafeinado
enezuela, Café tostado- sin descafeinar- molido
enezuela, Extractos- esencias y concentrados de café
enezuela, Los demás extractos- esencias y concentrados de café
enezuela, Preparaciones a base de extractos- esencias o concentrados o a base de café
ietnam, Café sin tostar- sin descafeinar- para la siembra
ietnam, Los demás cafés sin tostar- sin descafeinar
FP Barranquilla, Café soluble liofilizado- con granulometría de 20 - 300 mm
FP Barranquilla, Café tostado- descafeinado
FP Barranquilla, Café tostado- sin descafeinar- en grano
FP Barranquilla, Café tostado- sin descafeinar- molido
FP Bogotá, Café soluble liofilizado- con granulometría de 20 - 300 mm
FP Bogotá, Café tostado- descafeinado
FP Bogotá, Café tostado- sin descafeinar- en grano
FP Bogotá, Café tostado- sin descafeinar- molido
FP Bogotá, Los demás cafés sin tostar- sin descafeinar
FP Bogotá, Preparaciones a base de extractos- esencias o concentrados o a base de café
FP Candelaria, Café tostado- sin descafeinar- en grano
FP Cartagena, Café soluble liofilizado- con granulometría de 20 - 300 mm
FP Cartagena, Café tostado- descafeinado
FP Cartagena, Café tostado- sin descafeinar- en grano
FP Cartagena, Café tostado- sin descafeinar- molido
FP Cartagena, Los demás cafés sin tostar- sin descafeinar
FP Centro Logístico del Pacífico CELPA, Café soluble liofilizado- con granulometría de 20 - 300 mm
FP Centro Logístico del Pacífico CELPA, Café tostado- descafeinado
FP Centro Logístico del Pacífico CELPA, Café tostado- sin descafeinar- en grano
FP Centro Logístico del Pacífico CELPA, Café tostado- sin descafeinar- molido
FP Cucuta, Café tostado- sin descafeinar- molido
FP Cucuta, Extractos- esencias y concentrados de café
FP Cucuta, Preparaciones a base de extractos- esencias o concentrados o a base de café
FP Pacifico, Café soluble liofilizado- con granulometría de 20 - 300 mm
FP Pacifico, Café tostado- sin descafeinar- en grano
FP Pacifico, Café tostado- sin descafeinar- molido
FP Palmaseca, Café soluble liofilizado- con granulometría de 20 - 300 mm
FP Palmaseca, Café tostado- descafeinado
FP Palmaseca, Café tostado- sin descafeinar- en grano
FP Palmaseca, Café tostado- sin descafeinar- molido
FP Parque Industrial Dexton, Los demás cafés sin tostar- sin descafeinar
FP Santander, Café soluble liofilizado- con granulometría de 20 - 300 mm
FP Santander, Café tostado- descafeinado
FP Santander, Café tostado- sin descafeinar- en grano
FP Santander, Café tostado- sin descafeinar- molido
FPE BIO D, Café tostado- sin descafeinar- molido
FPE papeles del Cauca, Café soluble liofilizado- con granulometría de 20 - 300 mm
FPE papeles del Cauca, Café tostado- sin descafeinar- en grano
FPE papeles del Cauca, Café tostado- sin descafeinar- molido
